,Model,Time (s),Mean_accuracy,Std_accuracy,Mean_f1,Std_f1,Mean_roc_auc,Std_roc_auc,Mean_recall,Std_recall,Mean_precision,Std_precision
7,LightGBM,1.6941161155700684,0.994610682110682,0.007179161078048223,0.9943921968168133,0.007477615157036771,0.9996487867177523,0.0010536398467432928,0.9907407407407407,0.012422599874998837,0.9981481481481481,0.005555555555555546
6,XGBoost,1.0766386985778809,0.9937178249678249,0.009859590280748643,0.9935427321510064,0.010134722500423087,0.9990729537765229,0.002571854341353014,0.9944444444444445,0.01185763747672751,0.9927922077922078,0.014416315647769747
5,Random Forest,0.6221809387207031,0.9919160231660232,0.00847960520393275,0.9917242759350279,0.008571576563581484,0.9994513342743833,0.0011372664943640586,0.9925925925925926,0.009072184232530275,0.9910668084352295,0.01626523294540111
3,KNN (k=5),0.2003343105316162,0.9910231660231661,0.008022107284301708,0.9906872225458013,0.008324185840483868,0.9972065380565078,0.0041325847067688985,0.987037037037037,0.01446342532575308,0.9945767195767197,0.011507936507936502
2,SVM (RBF),0.17525815963745117,0.9883285070785071,0.009002144062352101,0.9878834842280442,0.009371201892547254,0.996988080034057,0.006737782813544199,0.9833333333333332,0.01538263678318164,0.9926899271238895,0.012000302719796527
4,KNN (k=10),0.08607673645019531,0.9883285070785071,0.009002144062352101,0.9878300796886584,0.00946285297862988,0.998020154152943,0.0036144487806975927,0.9814814814814815,0.018518518518518535,0.9945767195767197,0.011507936507936502
1,SVM (Linear),1.9514689445495605,0.9856338481338481,0.010741365961444389,0.9850449464410888,0.011233585033628887,0.9914683740001344,0.009609032638745043,0.9777777777777779,0.01614407016126177,0.9925887075887075,0.012189337598318405
0,Baseline (Dummy),4.259592533111572,0.5152831402831403,0.0029594034202231625,0.0,0.0,0.5,0.0,0.0,0.0,0.0,0.0
